time_h,tissue,histamine_nm,R_surf,R_int,G_signal,G_signal_pct,G_signal_ligand,G_signal_ligand_pct,G_signal_constitutive,G_signal_constitutive_pct,beta_arr_signal,beta_arr_signal_pct,internalization_drive,k_int_eff_per_h,driver_type,driver_id,antagonist_concentration_nm
0.0,muscle,94.61121357231173,0.715417365394,0.284582634606,0.596816999958871,59.68169999588711,0.5905748754622854,59.057487546228536,0.0357708682697,3.5770868269700005,0.1591141889315353,15.911418893153531,0.15911418893153528,0.1988927361644191,scenario,carrageenan,0.001
0.016666666666666666,muscle,97.52388080948766,0.715498079799,0.284501920201,0.5989756002299331,59.89756002299331,0.5928428381473507,59.284283814735076,0.03577490398995,3.577490398995,0.15195735988732578,15.195735988732578,0.15195735988732578,0.18994669985915724,scenario,carrageenan,53.11276334652673
0.08333333333333333,muscle,109.87868276995108,0.716536341355,0.283463658645,0.607815539356238,60.7815539356238,0.6020933918826189,60.20933918826189,0.035826817067750004,3.5826817067750003,0.13219624761447893,13.219624761447893,0.13219624761447893,0.16524530951809865,scenario,carrageenan,265.5598167326336
0.16666666666666666,muscle,126.90363996695933,0.718897242685,0.281102757315,0.6188922663390732,61.88922663390733,0.6136288465313929,61.3628846531393,0.03594486213425,3.594486213425,0.11865670236955347,11.865670236955348,0.11865670236955347,0.14832087796194185,scenario,carrageenan,531.1186334652672
0.25,muscle,145.6420029939102,0.721911792988,0.278088207012,0.6295897856887572,62.95897856887572,0.6247307326730077,62.47307326730077,0.0360955896494,3.60955896494,0.11121616487057906,11.121616487057906,0.11121616487057906,0.13902020608822382,scenario,carrageenan,796.6774501979011
0.3333333333333333,muscle,165.98786788486285,0.725203242914,0.274796757086,0.6396316829560617,63.96316829560617,0.6351279166424859,63.51279166424859,0.0362601621457,3.62601621457,0.10700715510289352,10.700715510289353,0.10700715510289353,0.13375894387861692,scenario,carrageenan,1062.236266930535
0.4166666666666667,muscle,187.76780766985183,0.728559237666,0.271440762334,0.6488868443427945,64.88868443427945,0.6446935604836785,64.46935604836786,0.0364279618833,3.6427961883299997,0.10464894683415508,10.464894683415508,0.10464894683415508,0.13081118354269386,scenario,carrageenan,1327.7950836631678
0.5,muscle,210.73786116349706,0.731867749412,0.268132250588,0.6573145369454152,65.73145369454151,0.6533906836577001,65.33906836577002,0.0365933874706,3.65933874706,0.1033772247477479,10.33772247477479,0.10337722474774788,0.12922153093468486,scenario,carrageenan,1593.353900395802
0.5833333333333334,muscle,234.58382098116894,0.735097730865,0.264902269135,0.6649465009594856,66.49465009594856,0.6612543309644586,66.12543309644586,0.03675488654325,3.675488654325,0.10272194524108556,10.272194524108556,0.10272194524108555,0.12840243155135694,scenario,carrageenan,1858.9127171284351
0.6666666666666666,muscle,258.925276224738,0.738198852381,0.261801147619,0.6717948271611998,67.17948271611998,0.6682998784654208,66.82998784654208,0.03690994261905,3.690994261905,0.10236959274788836,10.236959274788836,0.10236959274788836,0.12796199093486044,scenario,carrageenan,2124.4715338610704
0.75,muscle,283.32365097618543,0.741171389632,0.258828610368,0.6779129062960975,67.79129062960975,0.6745835124363131,67.45835124363131,0.0370585694816,3.70585694816,0.10209803864712998,10.209803864712997,0.10209803864712999,0.12762254830891248,scenario,carrageenan,2390.030350593703
0.8333333333333334,muscle,307.29421685063807,0.744017401958,0.255982598042,0.683350209459031,68.3350209459031,0.6801571993275064,68.01571993275064,0.037200870097900005,3.7200870097900003,0.10174344393253722,10.174344393253723,0.10174344393253722,0.12717930491567153,scenario,carrageenan,2655.589167326337
0.9166666666666666,muscle,330.32176497976,0.746741841135,0.253258158865,0.688152313060662,68.81523130606621,0.6850686536883286,68.50686536883286,0.03733709205675,3.7337092056750003,0.10118255710137598,10.118255710137598,0.10118255710137598,0.12647819637671998,scenario,carrageenan,2921.147984058971
1.0,muscle,351.87932387883166,0.749352379478,0.250647620522,0.6923602413630381,69.23602413630381,0.6893606551464612,68.93606551464612,0.0374676189739,3.7467618973900003,0.10032288001492658,10.032288001492658,0.10032288001492659,0.12540360001865825,scenario,carrageenan,3186.706800791604
1.0833333333333333,muscle,371.4490319076428,0.751849106992,0.248150893008,0.6965573599410697,69.65573599410698,0.6936472679910208,69.36472679910209,0.037592455349600006,3.7592455349600007,0.10139905660264883,10.139905660264883,0.10139905660264882,0.12674882075331104,scenario,carrageenan,3350.1485912742255
1.1666666666666667,muscle,388.54404418409007,0.754232023678,0.245767976322,0.7001643315797798,70.01643315797797,0.6973186635746103,69.73186635746103,0.037711601183900004,3.7711601183900005,0.10180541759166424,10.180541759166424,0.10180541759166423,0.1272567719895803,scenario,carrageenan,3513.590381756851
1.25,muscle,402.7301989923167,0.756501129536,0.243498870464,0.7032071850143179,70.32071850143178,0.7004022405658084,70.04022405658084,0.037825056476800005,3.7825056476800003,0.10152204375476305,10.152204375476305,0.10152204375476304,0.1269025546934538,scenario,carrageenan,3677.032172239474
1.3333333333333333,muscle,413.64610747487336,0.758657161371,0.241342838629,0.7057038222161789,70.57038222161789,0.7029168043659252,70.29168043659251,0.037932858068550006,3.7932858068550006,0.10054496291899799,10.054496291899799,0.100544962918998,0.12568120364874752,scenario,carrageenan,3840.473962722095
1.4166666666666667,muscle,421.0203740438379,0.760808558283,0.239191441717,0.7077639540584606,70.77639540584606,0.7049721327834849,70.4972132783485,0.03804042791415,3.804042791415,0.09888639357541287,9.888639357541287,0.09888639357541287,0.12360799196926608,scenario,carrageenan,4003.9157532047234
1.5,muscle,424.6848048625422,0.763032800064,0.236967199936,0.7094602480445433,70.94602480445434,0.7066406400435193,70.66406400435193,0.0381516400032,3.8151640003200002,0.09657452416298655,9.657452416298655,0.09657452416298656,0.1207181552037332,scenario,carrageenan,4167.357543687343
1.5833333333333333,muscle,424.58270869339094,0.765329886714,0.234670113286,0.7107849345951678,71.07849345951678,0.707914147641545,70.79141476415451,0.03826649433570001,3.826649433570001,0.09365281013695304,9.365281013695304,0.09365281013695305,0.11706601267119131,scenario,carrageenan,4330.799334169969
1.6666666666666667,muscle,420.7717191049344,0.76772100962,0.23227899038,0.7117416747979817,71.17416747979817,0.7087953940178755,70.87953940178755,0.038386050481,3.8386050481000002,0.09017877945242926,9.017877945242926,0.09017877945242925,0.11272347431553656,scenario,carrageenan,4494.241124652591
1.75,muscle,413.420941989123,0.770301971471,0.229698028529,0.7123949116130698,71.23949116130697,0.7093471716205472,70.93471716205471,0.038515098573550004,3.8515098573550004,0.08622235064307537,8.622235064307537,0.08622235064307537,0.10777793830384422,scenario,carrageenan,4657.682915135219
1.8333333333333333,muscle,402.80262467544924,0.773084452485,0.226915547515,0.71272256818877,71.272256818877,0.7095456269100211,70.95456269100211,0.03865422262425,3.865422262425,0.08186368766641204,8.186368766641204,0.08186368766641205,0.10232960958301507,scenario,carrageenan,4821.124705617839
1.9166666666666667,muscle,389.27891788490774,0.776068390961,0.223931609039,0.7126838128707316,71.26838128707315,0.709347782444928,70.9347782444928,0.03880341954805,3.880341954805,0.0771906421371321,7.71906421371321,0.0771906421371321,0.09648830267141513,scenario,carrageenan,4984.566496100463
2.0,muscle,373.28462646131885,0.779234081169,0.220765918831,0.7122127624417993,71.22127624417993,0.708685324614052,70.8685324614052,0.03896170405845,3.896170405845,0.0722958647892854,7.229586478928541,0.0722958647892854,0.09036983098660675,scenario,carrageenan,5148.008286583087
2.0833333333333335,muscle,355.307091756809,0.782565816799,0.217434183201,0.712040565881945,71.2040565881945,0.7083287105705212,70.83287105705212,0.03912829083995,3.912829083995,0.06879281321893131,6.8792813218931315,0.06879281321893133,0.08599101652366416,scenario,carrageenan,5171.495629438851
2.1666666666666665,muscle,335.86449845886386,0.786063597849,0.213936402151,0.7113905595129097,71.13905595129097,0.7074603996004839,70.74603996004839,0.03930317989245,3.930317989245,0.06502679469601091,6.502679469601091,0.06502679469601091,0.08128349337001364,scenario,carrageenan,5194.982972294611
2.25,muscle,315.4839422842651,0.789722530087,0.210277469913,0.7102192767569552,71.02192767569552,0.7060348950027423,70.60348950027424,0.03948612650435,3.9486126504350003,0.061090465116002045,6.109046511600204,0.06109046511600205,0.07636308139500256,scenario,carrageenan,5218.470315150373
2.3333333333333335,muscle,294.68053370385263,0.793517874509,0.206482125491,0.7084703100024895,70.84703100024895,0.7039941223968837,70.39941223968837,0.03967589372545,3.9675893725450004,0.05707568393345678,5.707568393345678,0.05707568393345678,0.07134460491682097,scenario,carrageenan,5241.957658006126
2.4166666666666665,muscle,273.93865803457817,0.797446193471,0.202553806529,0.706117386247205,70.6117386247205,0.7013106069196369,70.13106069196368,0.03987230967355,3.9872309673550004,0.0530702767032701,5.3070276703270105,0.0530702767032701,0.06633784587908763,scenario,carrageenan,5265.445000861888
2.5,muscle,253.69628337229904,0.801507486974,0.198492513026,0.7031554243726428,70.31554243726428,0.697979000025203,69.7979000025203,0.0400753743487,4.007537434870001,0.04915508746780904,4.915508746780904,0.04915508746780904,0.061443859334761305,scenario,carrageenan,5288.932343717649
2.5833333333333335,muscle,234.3329300824609,0.805701755017,0.194298244983,0.6996060474834873,69.96060474834873,0.6940220628764603,69.40220628764602,0.040285087750850004,4.028508775085,0.04540148609356286,4.540148609356286,0.045401486093562864,0.05675185761695358,scenario,carrageenan,5312.4196865734075
2.6666666666666665,muscle,216.16161663386697,0.810027591359,0.189972408641,0.6955254294026618,69.55254294026618,0.6894989998260125,68.94989998260125,0.040501379567950004,4.050137956795,0.04186946546136701,4.186946546136701,0.04186946546136701,0.05233683182670876,scenario,carrageenan,5335.907029429174
2.75,muscle,199.42480366457556,0.814424905049,0.185575094951,0.6909638052448323,69.09638052448322,0.6844658526235603,68.44658526235602,0.04072124525245,4.072124525245,0.038606418232048474,3.8606418232048476,0.038606418232048474,0.04825802279006059,scenario,carrageenan,5359.394372284934
2.8333333333333335,muscle,184.2940952656212,0.818861800354,0.181138199646,0.68604630313796,68.604630313796,0.6790560138108,67.90560138108,0.0409430900177,4.09430900177,0.035646627965069046,3.5646627965069047,0.03564662796506904,0.0445582849563363,scenario,carrageenan,5382.881715140688
2.9166666666666665,muscle,170.87324214685032,0.823338277274,0.176661722726,0.6809739670761751,68.0973967076175,0.6734811086447107,67.34811086447107,0.0411669138637,4.11669138637,0.03301145169836625,3.301145169836625,0.033011451698366244,0.04126431462295781,scenario,carrageenan,5406.369057996455
3.0,muscle,159.2038375411874,0.827853361824,0.172146638176,0.6759868343029974,67.59868343029974,0.6679938591703131,66.7993859170313,0.041392668091200006,4.1392668091200004,0.03071011817551586,3.071011817551586,0.03071011817551586,0.038387647719394825,scenario,carrageenan,5429.856400852216
3.0833333333333335,muscle,149.27300827941974,0.832344189788,0.167655810212,0.6712980751121502,67.12980751121502,0.6628219638134214,66.28219638134215,0.0416172094894,4.16172094894,0.028741024189480185,2.8741024189480187,0.028741024189480185,0.03592628023685023,scenario,carrageenan,5453.343743707971
3.1666666666666665,muscle,141.02237866011438,0.836773097747,0.163226902253,0.6671426210074389,66.7142621007439,0.658214701179041,65.8214701179041,0.04183865488735,4.183865488735,0.027093385298670402,2.7093385298670403,0.027093385298670405,0.033866731623338,scenario,carrageenan,5476.831086563731
3.25,muscle,134.35761623818325,0.841140085701,0.158859914299,0.6637585952955164,66.37585952955163,0.6544227273794383,65.44227273794382,0.04205700428505,4.205700428505,0.02574908801882775,2.574908801882775,0.02574908801882776,0.0321863600235347,scenario,carrageenan,5500.318429419495
3.3333333333333335,muscle,129.15794514944338,0.845444783215,0.154555216785,0.6613312874924011,66.13312874924011,0.6516411035070012,65.16411035070013,0.04227223916075001,4.227223916075,0.024684597381284777,2.4684597381284776,0.02468459738128478,0.030855746726605977,scenario,carrageenan,5523.805772275255
3.4166666666666665,muscle,125.28512050856502,0.849646215846,0.150353784154,0.6599449846625537,65.99449846625537,0.6499607093371091,64.99607093371091,0.0424823107923,4.24823107923,0.023872793264380656,2.3872793264380654,0.023872793264380653,0.029840991580475817,scenario,carrageenan,5547.293115131014
3.5,muscle,122.5914826480365,0.853716609797,0.146283390203,0.6596193281895937,65.96193281895937,0.6494036817892039,64.9403681789204,0.04268583048985,4.2685830489850005,0.023284636746660117,2.3284636746660117,0.02328463674666012,0.02910579593332515,scenario,carrageenan,5570.780457986774
3.5833333333333335,muscle,120.9268393254608,0.857655965069,0.142344034931,0.6603248482099826,66.03248482099826,0.6499389999542449,64.99389999542448,0.042882798253450004,4.2882798253450005,0.022890599239463606,2.2890599239463607,0.022890599239463606,0.028613249049329506,scenario,carrageenan,5594.267800842534
3.6666666666666665,muscle,120.14404639247361,0.861464290688,0.138535709312,0.6619747015803268,66.19747015803267,0.6514752495220282,65.14752495220282,0.0430732145344,4.30732145344,0.02266181819179059,2.2661818191790593,0.02266181819179059,0.028327272739738237,scenario,carrageenan,5617.755143698297
3.75,muscle,120.10326442252969,0.865140886151,0.134859113849,0.664442266813557,66.4442266813557,0.6538791815852706,65.38791815852706,0.04325704430755001,4.3257044307550006,0.022570970589861072,2.2570970589861075,0.022570970589861076,0.028213713237326344,scenario,carrageenan,5641.242486554054
3.8333333333333335,muscle,120.67495509519074,0.868674527496,0.131325472504,0.6675721505101211,66.75721505101211,0.6569878148792854,65.69878148792854,0.0434337263748,4.34337263748,0.02259287736495702,2.2592877364957022,0.02259287736495702,0.028241096706196275,scenario,carrageenan,5664.7298294098155
3.9166666666666665,muscle,121.74174431524855,0.872050143813,0.127949856187,0.6712012085150179,67.12012085150178,0.6606302119203873,66.06302119203873,0.04360250719065,4.360250719065,0.02270486738531908,2.270486738531908,0.022704867385319075,0.028381084231648843,scenario,carrageenan,5688.2171722655785
4.0,muscle,123.19931922827692,0.875252664192,0.124747335808,0.6751732441332068,67.51732441332068,0.6646427483406387,66.46427483406387,0.0437626332096,4.37626332096,0.022886939075160526,2.2886939075160524,0.022886939075160526,0.028608673843950657,scenario,carrageenan,5711.70451512134
0.0,spinal_coord,3.3960056096409037,0.988331936267,0.011668063733,0.3546776428800612,35.46776428800612,0.14345954508441494,14.345954508441494,0.24708298406675,24.708298406675,0.0067461798464443865,0.6746179846444387,0.006746179846444386,0.00944465178502214,scenario,carrageenan,0.001
0.016666666666666666,spinal_coord,3.4135161172793866,0.988344390155,0.011655609845,0.3546738542441792,35.46738542441792,0.1434503422739056,14.34503422739056,0.24708609753875,24.708609753875,0.006444893326027309,0.6444893326027309,0.006444893326027309,0.00902285065643823,scenario,carrageenan,31.479752753780513
0.08333333333333333,spinal_coord,3.484750830317166,0.988427698282,0.011572301718,0.3547030401381016,35.470304013810164,0.1434614874234688,14.346148742346879,0.2471069245705,24.710692457049998,0.0054908485094394225,0.5490848509439422,0.0054908485094394225,0.007687187913215191,scenario,carrageenan,157.39476376890255
0.16666666666666666,spinal_coord,3.5763984774167974,0.988608447185,0.011391552815,0.35483408637709785,35.483408637709786,0.14357596610779716,14.357596610779716,0.24715211179625,24.715211179624998,0.004669536071208815,0.4669536071208815,0.004669536071208815,0.00653735049969234,scenario,carrageenan,314.78852753780524
0.25,spinal_coord,3.6707999483031655,0.988855170717,0.011144829283,0.3550547541238722,35.50547541238722,0.14378794859282965,14.378794859282964,0.24721379267925,24.721379267925002,0.004091595857995816,0.40915958579958156,0.004091595857995817,0.005728234201194143,scenario,carrageenan,472.18229130670767
0.3333333333333333,spinal_coord,3.767782849180906,0.989140004504,0.010859995496,0.35534610868714134,35.53461086871413,0.1440814767481885,14.40814767481885,0.247285001126,24.7285001126,0.0036636811966276055,0.36636811966276056,0.0036636811966276055,0.005129153675278647,scenario,carrageenan,629.5760550756105
0.4166666666666667,spinal_coord,3.8671508022817074,0.989449207249,0.010550792751,0.3556945186063736,35.56945186063736,0.14444295572549815,14.444295572549814,0.24736230181225,24.736230181225,0.0033346840203125868,0.33346840203125866,0.0033346840203125868,0.004668557628437621,scenario,carrageenan,786.9698188445127
0.5,spinal_coord,3.968683455617941,0.989771024118,0.010228975882,0.35608727775062826,35.608727775062825,0.14485936229483767,14.485936229483768,0.2474427560295,24.74427560295,0.003074262608887904,0.3074262608887904,0.003074262608887904,0.004303967652443065,scenario,carrageenan,944.3635826134152
0.5833333333333334,spinal_coord,4.072136706947525,0.990098698249,0.009901301751,0.3565136767432398,35.65136767432398,0.1453186695746531,14.531866957465308,0.24752467456225,24.752467456225,0.0028632593000047397,0.28632593000047396,0.0028632593000047397,0.004008563020006636,scenario,carrageenan,1101.7573463823185
0.6666666666666666,spinal_coord,4.177243151586833,0.990423906392,0.009576093608,0.35696263724075233,35.69626372407523,0.1458088808570031,14.58088808570031,0.247605976598,24.7605976598,0.0026889760313477144,0.26889760313477146,0.0026889760313477144,0.0037645664438867997,scenario,carrageenan,1259.15111015122
0.75,spinal_coord,4.2837127614519845,0.990746124548,0.009253875452,0.3574260867214648,35.74260867214648,0.14631940744595304,14.631940744595303,0.247686531137,24.7686531137,0.0025426584639115925,0.25426584639115923,0.0025426584639115925,0.003559721849476229,scenario,carrageenan,1416.5448739201227
0.8333333333333334,spinal_coord,4.391233800224798,0.991059755288,0.008940244712,0.3578943270768409,35.789432707684085,0.1468391843397878,14.683918433978778,0.247764938822,24.7764938822,0.002418071278342652,0.24180712783426517,0.002418071278342652,0.0033852997896797123,scenario,carrageenan,1573.9386376890252
0.9166666666666666,spinal_coord,4.499473976855683,0.991366265486,0.008633734514,0.35836042051298733,35.83604205129873,0.14735847218864978,14.735847218864977,0.2478415663715,24.78415663715,0.002310649789169003,0.23106497891690028,0.002310649789169003,0.003234909704836604,scenario,carrageenan,1731.3324014579284
1.0,spinal_coord,4.608081836764324,0.991666107977,0.008333892023,0.35881728915805444,35.881728915805446,0.1478676828850726,14.78676828850726,0.24791652699425,24.791652699425,0.0022169731201958044,0.22169731201958043,0.0022169731201958044,0.003103762368274126,scenario,carrageenan,1888.726165226831
1.0833333333333333,spinal_coord,4.716688387117371,0.991961786372,0.008038213628,0.3587409298591586,35.874092985915865,0.14766731102154476,14.766731102154477,0.247990446593,24.7990446593,0.002099398082152921,0.2099398082152921,0.002099398082152921,0.002939157315014089,scenario,carrageenan,2090.363235391676
1.1666666666666667,spinal_coord,4.824908949491855,0.992250063962,0.007749936038,0.35866307406522757,35.86630740652276,0.14746741076630346,14.746741076630347,0.2480625159905,24.80625159905,0.00199803655447214,0.199803655447214,0.0019980365544721396,0.002797251176260995,scenario,carrageenan,2292.0003055565194
1.25,spinal_coord,4.9323452301184965,0.992530868551,0.007469131449,0.3585760086617117,35.85760086617117,0.1472577220319489,14.72577220319489,0.24813271713775,24.813271713775002,0.0019095683102124885,0.19095683102124886,0.0019095683102124882,0.0026733956342974833,scenario,carrageenan,2493.6373757213637
1.3333333333333333,spinal_coord,5.038587594788179,0.992802868965,0.007197131035,0.35847204184642617,35.847204184642614,0.14702843280690156,14.702843280690155,0.24820071724125,24.820071724125,0.001831480661766784,0.18314806617667842,0.001831480661766784,0.0025640729264734975,scenario,carrageenan,2695.27444588621
1.4166666666666667,spinal_coord,5.143217532447122,0.993065565763,0.006934434237,0.35834424735217374,35.834424735217375,0.14677047454856496,14.677047454856496,0.24826639144075,24.826639144075,0.001761836751959786,0.1761836751959786,0.0017618367519597858,0.0024665714527437,scenario,carrageenan,2896.9115160510532
1.5,spinal_coord,5.245810288552732,0.993318918011,0.006681081989,0.3581863208449119,35.81863208449119,0.14647545512288257,14.647545512288257,0.24832972950275,24.832972950275,0.0016991196110602684,0.16991196110602683,0.0016991196110602682,0.0023787674554843754,scenario,carrageenan,3098.5485862158966
1.5833333333333333,spinal_coord,5.345937646463428,0.993562666007,0.006437333993,0.3579923297330032,35.79923297330032,0.1461355509750043,14.61355509750043,0.24839066650175,24.839066650175003,0.0016421245820772467,0.16421245820772468,0.0016421245820772469,0.0022989744149081457,scenario,carrageenan,3300.185656380744
1.6666666666666667,spinal_coord,5.4431708325422745,0.99379676403,0.00620323597,0.3577568656369412,35.77568656369412,0.14574356617258824,14.574356617258823,0.2484491910075,24.844919100749998,0.0015898834798453805,0.15898834798453804,0.0015898834798453805,0.0022258368717835327,scenario,carrageenan,3501.8227265455894
1.75,spinal_coord,5.537083518314258,0.994020861394,0.005979138606,0.3574748552442273,35.74748552442273,0.145292853194303,14.529285319430299,0.2485052153485,24.85052153485,0.0015416100781380497,0.15416100781380498,0.0015416100781380497,0.0021582541093932697,scenario,carrageenan,3703.4597967104282
1.8333333333333333,spinal_coord,5.627254890976207,0.994233930974,0.005766069026,0.35714142628807344,35.714142628807345,0.1447772580594312,14.47772580594312,0.2485584827435,24.855848274350002,0.001496660241060286,0.1496660241060286,0.001496660241060286,0.0020953243374844,scenario,carrageenan,3905.0968668752735
1.9166666666666667,spinal_coord,5.71327276185827,0.994435906433,0.005564093567,0.3567524960293694,35.675249602936944,0.14419135922815923,14.419135922815924,0.24860897660825,24.860897660825,0.0014545023032395332,0.14545023032395332,0.001454502303239533,0.002036303224535346,scenario,carrageenan,4106.733937040122
2.0,spinal_coord,5.79473668111376,0.994626787771,0.005373212229,0.3563044485814194,35.63044485814194,0.14353033551822592,14.353033551822591,0.24865669694275,24.865669694275,0.0014146947463621838,0.1414694746362184,0.0014146947463621838,0.0019805726449070573,scenario,carrageenan,4308.371007204964
2.0833333333333335,spinal_coord,5.871261026001631,0.994806574987,0.005193425013,0.35827487571058825,35.827487571058825,0.14609764261845104,14.609764261845104,0.24870164374675,24.870164374675,0.0014559172647942542,0.14559172647942542,0.0014559172647942542,0.002038284170711956,scenario,carrageenan,4232.180864235795
2.1666666666666665,spinal_coord,5.942478029647724,0.994975124695,0.005024875305,0.36017427243596944,36.01742724359694,0.14857398834962587,14.857398834962588,0.24874378117375,24.874378117375002,0.001497121865101472,0.1497121865101472,0.001497121865101472,0.0020959706111420605,scenario,carrageenan,4155.990721266625
2.25,spinal_coord,6.008040717145969,0.995130730703,0.004869269297,0.3619961776617663,36.19961776617663,0.1509513266480217,15.095132664802168,0.24878268267575,24.878268267575,0.0015382191442212245,0.15382191442212245,0.0015382191442212248,0.0021535068019097143,scenario,carrageenan,4079.800578297462
2.3333333333333335,spinal_coord,6.067625716299092,0.99527289697,0.00472710303,0.3637348323885915,36.37348323885915,0.1532221441947887,15.322214419478868,0.2488182242425,24.88182242425,0.001579119943173236,0.1579119943173236,0.0015791199431732358,0.00221076792044253,scenario,carrageenan,4003.610435328291
2.4166666666666665,spinal_coord,6.120935911203403,0.995401623496,0.004598376504,0.3653849590379975,36.53849590379975,0.15537940421866334,15.537940421866333,0.248850405874,24.885040587400002,0.0016197360658205173,0.16197360658205173,0.0016197360658205173,0.002267630492148724,scenario,carrageenan,3927.420292359122
2.5,spinal_coord,6.1677029082482795,0.995516910281,0.004483089719,0.36694161093817457,36.694161093817456,0.15741651115723274,15.741651115723274,0.24887922757025,24.887922757025,0.0016599810205699555,0.16599810205699556,0.0016599810205699555,0.0023239734287979377,scenario,carrageenan,3851.230149389952
2.5833333333333335,spinal_coord,6.20768928591488,0.995618757335,0.004381242665,0.3684001981214245,36.84001981214245,0.15932734505023263,15.932734505023264,0.24890468933375,24.890468933375,0.001699770780050514,0.1699770780050514,0.001699770780050514,0.0023796790920707195,scenario,carrageenan,3775.040006420782
2.6666666666666665,spinal_coord,6.24069060199884,0.995708982361,0.004291017639,0.36975718572451477,36.97571857245148,0.16110658684568635,16.110658684568634,0.24892724559025,24.892724559025,0.0017390245537370734,0.17390245537370733,0.0017390245537370734,0.0024346343752319026,scenario,carrageenan,3698.8498634516154
2.75,spinal_coord,6.266537134519047,0.995789385639,0.004210614361,0.37100944240694866,37.100944240694865,0.1627494613295982,16.27494613295982,0.24894734640975,24.894734640975,0.0017776655685170343,0.17776655685170342,0.0017776655685170343,0.0024887317959238478,scenario,carrageenan,3622.6597204824493
2.8333333333333335,spinal_coord,6.285095335572587,0.99585996717,0.00414003283,0.3721535906552667,37.21535906552667,0.1642514651503556,16.42514651503556,0.2489649917925,24.89649917925,0.0018156218523324471,0.18156218523324472,0.0018156218523324471,0.002541870593265426,scenario,carrageenan,3546.4695775132764
2.9166666666666665,spinal_coord,6.296268980711405,0.995920889304,0.004079110696,0.37318674724378575,37.318674724378575,0.165608699890381,16.5608699890381,0.248980222326,24.8980222326,0.0018528270162796077,0.18528270162796076,0.0018528270162796077,0.0025939578227914505,scenario,carrageenan,3470.2794345441116
3.0,spinal_coord,6.3,0.995974061735,0.004025938265,0.3741071330265717,37.41071330265717,0.166818156790429,16.6818156790429,0.24899351543375,24.899351543375,0.001889221030917625,0.1889221030917625,0.0018892210309176254,0.0026449094432846754,scenario,carrageenan,3394.0892915749437
3.0833333333333335,spinal_coord,6.296268980711405,0.996020035453,0.003979964547,0.37491292191258374,37.491292191258374,0.16787721739911163,16.787721739911163,0.24900500886325,24.900500886325,0.001924750993034007,0.1924750993034007,0.0019247509930340068,0.0026946513902476096,scenario,carrageenan,3317.89914860577
3.1666666666666665,spinal_coord,6.285095335572587,0.996058810458,0.003941189542,0.3756025477867543,37.56025477867543,0.16878379356300569,16.87837935630057,0.2490147026145,24.90147026145,0.001959371879746345,0.1959371879746345,0.001959371879746345,0.0027431206316448826,scenario,carrageenan,3241.7090056366014
3.25,spinal_coord,6.266537134519047,0.996090858546,0.003909141454,0.37617509546224315,37.61750954622431,0.16953650776765755,16.953650776765755,0.2490227146365,24.90227146365,0.0019930472875921996,0.19930472875921995,0.001993047287592199,0.0027902662026290785,scenario,carrageenan,3165.518862667436
3.3333333333333335,spinal_coord,6.24069060199884,0.996117541086,0.003882458914,0.37663046440666426,37.66304644066643,0.17013477218021905,17.013477218021904,0.2490293852715,24.902938527150003,0.0020257501551835984,0.20257501551835982,0.0020257501551835984,0.0028360502172570376,scenario,carrageenan,3089.328719698264
3.4166666666666665,spinal_coord,6.20768928591488,0.996138943698,0.003861056302,0.37696855283413266,37.696855283413264,0.17057842254617683,17.057842254617682,0.2490347359245,24.903473592450002,0.0020574634690894537,0.2057463469089454,0.002057463469089454,0.0028804488567252358,scenario,carrageenan,3013.138576729098
3.5,spinal_coord,6.1677029082482795,0.996155066714,0.003844933286,0.37718970601483803,37.718970601483804,0.17086791911511737,17.086791911511735,0.2490387666785,24.90387666785,0.0020881809538726977,0.20881809538726975,0.0020881809538726972,0.0029234533354217758,scenario,carrageenan,2936.9484337599306
3.5833333333333335,spinal_coord,6.120935911203403,0.996166166492,0.003833833508,0.37729484384278544,37.72948438427854,0.17100440295971397,17.100440295971396,0.249041541623,24.9041541623,0.0021179077486670715,0.21179077486670717,0.0021179077486670715,0.0029650708481339,scenario,carrageenan,2860.7582907907613
3.6666666666666665,spinal_coord,6.067625716299092,0.996172891163,0.003827108837,0.3772855086241321,37.728550862413215,0.17098971444450947,17.098971444450946,0.24904322279075,24.904322279075,0.0021466610743555237,0.21466610743555237,0.0021466610743555237,0.003005325504097733,scenario,carrageenan,2784.568147821592
3.75,spinal_coord,6.008040717145969,0.996175866856,0.003824133144,0.37716370223851103,37.7163702238511,0.17082631403268134,17.082631403268135,0.249043966714,24.9043966714,0.0021744708973389245,0.21744708973389246,0.0021744708973389245,0.003044259256274494,scenario,carrageenan,2708.378004852423
3.8333333333333335,spinal_coord,5.942478029647724,0.9961757197,0.0038242803,0.3769318860878978,37.69318860878978,0.17051727488386373,17.051727488386373,0.249043929925,24.9043929925,0.0022013805981019223,0.22013805981019224,0.0022013805981019223,0.003081932837342691,scenario,carrageenan,2632.1878618832543
3.9166666666666665,spinal_coord,5.871261026001631,0.99617307089,0.00382692911,0.3765929688289681,37.65929688289681,0.17006626814195747,17.006626814195748,0.2490432677225,24.90432677225,0.0022274476553466012,0.22274476553466013,0.002227447655346601,0.003118426717485241,scenario,carrageenan,2555.997718914087
4.0,spinal_coord,5.79473668111376,0.996168037075,0.003831962925,0.376150105297234,37.615010529723406,0.16947746137131206,16.947746137131205,0.24904200926875,24.904200926875,0.0022527443594460373,0.22527443594460372,0.0022527443594460373,0.003153842103224452,scenario,carrageenan,2479.807575944918
0.0,ganglia,10.97395740207505,0.947664900265,0.052335099735,0.3969451781900441,39.69451781900441,0.33575409795949346,33.57540979594935,0.0947664900265,9.476649002650001,0.021476514303731188,2.1476514303731187,0.02147651430373119,0.038657725746716144,scenario,carrageenan,0.001
0.016666666666666666,ganglia,11.010858316893476,0.947730972932,0.052269027068,0.39319012260048203,39.319012260048204,0.3315744725636467,33.15744725636467,0.0947730972932,9.47730972932,0.017580493480810512,1.7580493480810513,0.017580493480810516,0.03164488826545893,scenario,carrageenan,138.36029728124507
0.08333333333333333,ganglia,11.165674382537093,0.948627710568,0.051372289432,0.379666679912138,37.9666679912138,0.31644878761704215,31.644878761704216,0.09486277105680001,9.486277105680001,0.010265742634685474,1.0265742634685473,0.010265742634685474,0.018478336742433852,scenario,carrageenan,691.7974864062256
0.16666666666666666,ganglia,11.373500085314843,0.950382390149,0.049617609851,0.36537663042534724,36.537663042534724,0.30037599045605246,30.037599045605244,0.0950382390149,9.50382390149,0.006833522888443347,0.6833522888443347,0.006833522888443347,0.012300341199198025,scenario,carrageenan,1383.5939728124515
0.25,ganglia,11.593287973106035,0.952364196884,0.047635803116,0.3532630368099736,35.32630368099736,0.28669624124619286,28.669624124619286,0.0952364196884,9.52364196884,0.0051730685039238595,0.517306850392386,0.005173068503923859,0.009311523307062947,scenario,carrageenan,2075.390459218677
0.3333333333333333,ganglia,11.8195919791379,0.954414169264,0.045585830736,0.34280568813690504,34.28056881369051,0.2748491902338945,27.48491902338945,0.09544141692640001,9.544141692640002,0.0041946040989973175,0.41946040989973177,0.0041946040989973175,0.0075502873781951715,scenario,carrageenan,2767.1869456249033
0.4166666666666667,ganglia,12.045822253571044,0.956440817185,0.043559182815,0.3335975402418347,33.35975402418347,0.2643927316925941,26.43927316925941,0.0956440817185,9.56440817185,0.0035485958589188075,0.35485958589188077,0.0035485958589188075,0.006387472546053854,scenario,carrageenan,3458.983432031125
0.5,ganglia,12.264518805967022,0.9584178043,0.0415821957,0.3253206561849073,32.532065618490726,0.25497652861656367,25.497652861656366,0.09584178043000001,9.584178043000001,0.0030883287753672665,0.30883287753672667,0.003088328775367267,0.0055589917956610805,scenario,carrageenan,4150.779918437351
0.5833333333333334,ganglia,12.467732687195994,0.96034738498,0.03965261502,0.3177194891520637,31.771948915206373,0.24631638961562632,24.631638961562633,0.09603473849800001,9.6034738498,0.002741397328013061,0.2741397328013061,0.0027413973280130607,0.00493451519042351,scenario,carrageenan,4842.576404843579
0.6666666666666666,ganglia,12.647490707753786,0.962228962491,0.037771037509,0.3105827721213786,31.05827721213786,0.23817763985808732,23.81776398580873,0.0962228962491,9.622289624910001,0.0024679836972165427,0.24679836972165428,0.0024679836972165427,0.004442370654989777,scenario,carrageenan,5534.372891249803
0.75,ganglia,12.796307477078582,0.964038214956,0.035961785044,0.3037329324287408,30.373293242874077,0.23036567881460085,23.036567881460083,0.0964038214956,9.64038214956,0.0022444658306861056,0.22444658306861057,0.002244465830686105,0.0040400384952349894,scenario,carrageenan,6226.169377656027
0.8333333333333334,ganglia,12.907699703429032,0.965774500623,0.034225499377,0.2970387407884724,29.703874078847242,0.22273476747352491,22.27347674735249,0.09657745006230001,9.657745006230002,0.0020560605234767122,0.20560605234767124,0.0020560605234767122,0.003700908942258082,scenario,carrageenan,6917.96586406226
0.9166666666666666,ganglia,12.97665381478073,0.96743682359,0.03256317641,0.2904048725528058,29.040487255280578,0.21517910021533973,21.51791002153397,0.09674368235900001,9.674368235900001,0.0018931734496661487,0.18931734496661487,0.0018931734496661489,0.003407712209399068,scenario,carrageenan,7609.762350468487
1.0,ganglia,13.0,0.969023118665,0.030976881335,0.2837693366634907,28.376933666349068,0.20763002755221183,20.763002755221184,0.0969023118665,9.69023118665,0.001749436147250182,0.17494361472501818,0.001749436147250182,0.0031489850650503275,scenario,carrageenan,8301.558836874707
1.0833333333333333,ganglia,12.97665381478073,0.970524455815,0.029475544185,0.28590014449946555,28.590014449946555,0.2098307765755173,20.98307765755173,0.0970524455815,9.70524455815,0.0017839894248953341,0.17839894248953342,0.001783989424895334,0.003211180964811601,scenario,carrageenan,8113.170664023153
1.1666666666666667,ganglia,12.907699703429032,0.971940162162,0.028059837838,0.28752219421460756,28.752219421460758,0.211475753331564,21.1475753331564,0.0971940162162,9.71940162162,0.0018136705871108633,0.18136705871108633,0.0018136705871108633,0.003264607056799554,scenario,carrageenan,7924.782491171596
1.25,ganglia,12.796307477078582,0.973276481203,0.026723518797,0.2886572841372342,28.865728413723417,0.2125884844632602,21.25884844632602,0.09732764812030001,9.73276481203,0.0018386049845503978,0.18386049845503977,0.0018386049845503976,0.0033094889721907157,scenario,carrageenan,7736.394318320053
1.3333333333333333,ganglia,12.647490707753786,0.974535666237,0.025464333763,0.289347102185685,28.934710218568497,0.21321503951331663,21.321503951331664,0.09745356662370001,9.745356662370002,0.0018591998488311366,0.18591998488311368,0.0018591998488311366,0.003346559727896046,scenario,carrageenan,7548.006145468497
1.4166666666666667,ganglia,12.467732687195994,0.975717717266,0.024282282734,0.2896512234352375,28.965122343523753,0.21342161300959722,21.342161300959724,0.0975717717266,9.75717717266,0.0018761214544554374,0.18761214544554375,0.0018761214544554372,0.003377018618019787,scenario,carrageenan,7359.617972616953
1.5,ganglia,12.264518805967022,0.976827206607,0.023172793393,0.2896455005613954,28.964550056139537,0.21329197766743935,21.329197766743935,0.0976827206607,9.768272066069999,0.0018902546018994587,0.18902546018994587,0.001890254601899459,0.0034024582834190262,scenario,carrageenan,7171.229799765398
1.5833333333333333,ganglia,12.045822253571044,0.977874734673,0.022125265327,0.2894179674443518,28.941796744435177,0.21292277108561306,21.292277108561304,0.0977874734673,9.77874734673,0.0019026487235439436,0.19026487235439435,0.0019026487235439438,0.003424767702379099,scenario,carrageenan,6982.8416269138415
1.6666666666666667,ganglia,11.8195919791379,0.978860730057,0.021139269943,0.28905896221788474,28.905896221788474,0.2124143213468719,21.24143213468719,0.09788607300570001,9.788607300570002,0.001914456119668002,0.1914456119668002,0.0019144561196680018,0.0034460210154024034,scenario,carrageenan,6794.453454062294
1.75,ganglia,11.593287973106035,0.979785528457,0.020214471543,0.2886589065160276,28.86589065160276,0.2118670596336973,21.186705963369732,0.0979785528457,9.797855284570002,0.0019268683446990182,0.1926868344699018,0.0019268683446990184,0.003468363020458233,scenario,carrageenan,6606.065281210745
1.8333333333333333,ganglia,11.373500085314843,0.980656829227,0.019343170773,0.28830554731541524,28.830554731541525,0.21137762710301689,21.13776271030169,0.09806568292270001,9.80656829227,0.0019410565581361224,0.19410565581361225,0.0019410565581361222,0.00349390180464502,scenario,carrageenan,6417.677108359186
1.9166666666666667,ganglia,11.165674382537093,0.981477843185,0.018522156815,0.2880761754030096,28.80761754030096,0.21103154564945512,21.103154564945513,0.0981477843185,9.81477843185,0.0019581208084925392,0.19581208084925392,0.0019581208084925392,0.003524617455286571,scenario,carrageenan,6229.288935507631
2.0,ganglia,10.97395740207505,0.982248570334,0.017751429666,0.28803473582815975,28.803473582815975,0.2108998653275108,21.08998653275108,0.0982248570334,9.82248570334,0.0019790518959344537,0.19790518959344536,0.0019790518959344533,0.003562293412682016,scenario,carrageenan,6040.900762656084
2.0833333333333335,ganglia,10.801155505679029,0.982969962672,0.017030037328,0.28702031148055296,28.702031148055298,0.20969257245928108,20.96925724592811,0.09829699626720001,9.82969962672,0.0019751297074002074,0.19751297074002075,0.001975129707400208,0.0035552334733203743,scenario,carrageenan,5949.3350328397055
2.1666666666666665,ganglia,10.648795500489662,0.983646730501,0.016353269499,0.28625197226580884,28.625197226580884,0.20876366579523206,20.876366579523207,0.09836467305010001,9.83646730501,0.001974879852798129,0.1974879852798129,0.0019748798527981296,0.0035547837350366333,scenario,carrageenan,5857.769303023341
2.25,ganglia,10.517264871681258,0.984283323364,0.015716676636,0.2857455178184292,28.57455178184292,0.20813020609114355,20.813020609114353,0.09842833233640001,9.84283323364,0.0019785335463338416,0.19785335463338416,0.0019785335463338416,0.003561360383400915,scenario,carrageenan,5766.203573206964
2.3333333333333335,ganglia,10.406005849709837,0.984884106973,0.015115893027,0.28550310580665794,28.550310580665794,0.20779410567706438,20.77941056770644,0.09848841069730001,9.848841069730002,0.0019861553443790655,0.19861553443790655,0.0019861553443790655,0.003575079619882318,scenario,carrageenan,5674.63784339059
2.4166666666666665,ganglia,10.313737003867004,0.985453137976,0.014546862024,0.2855156815937736,28.55156815937736,0.20774485310685953,20.774485310685954,0.09854531379760001,9.854531379760001,0.0019976736484712296,0.19976736484712296,0.0019976736484712296,0.003595812567248213,scenario,carrageenan,5583.072113574225
2.5,ganglia,10.238678526154683,0.985989214328,0.014010785672,0.28576438209229693,28.576438209229693,0.2079616229549966,20.79616229549966,0.09859892143280001,9.859892143280002,0.0020129146971425904,0.20129146971425904,0.0020129146971425904,0.003623246454856663,scenario,carrageenan,5491.506383757846
2.5833333333333335,ganglia,10.178761956285959,0.986492432698,0.013507567302,0.2862252875489937,28.622528754899367,0.20841782697688183,20.84178269768818,0.09864924326980001,9.86492432698,0.002031636577174247,0.2031636577174247,0.0020316365771742466,0.003656945838913644,scenario,carrageenan,5399.94065394147
2.6666666666666665,ganglia,10.131810800870221,0.986964271301,0.013035728699,0.2868720558420468,28.687205584204676,0.20908403190216307,20.90840319021631,0.0986964271301,9.86964271301,0.002053560509108214,0.20535605091082143,0.002053560509108214,0.0036964089163947856,scenario,carrageenan,5308.374924125105
2.75,ganglia,10.095684380086471,0.98740620835,0.01259379165,0.28767771999866565,28.767771999866564,0.20993011018185073,20.993011018185072,0.09874062083500001,9.874062083500002,0.0020783975264995484,0.20783975264995486,0.0020783975264995484,0.0037411155476991874,scenario,carrageenan,5216.80919430873
2.8333333333333335,ganglia,10.068382542650838,0.987819453503,0.012180546497,0.2886163023997375,28.861630239973753,0.21092706338826392,21.092706338826392,0.09878194535030001,9.878194535030001,0.0021058695382720374,0.21058695382720374,0.0021058695382720374,0.0037905651688896675,scenario,carrageenan,5125.243464492356
2.9166666666666665,ganglia,10.048113127826051,0.988204911217,0.011795088783,0.2896639754685177,28.96639754685177,0.2120483159409085,21.20483159409085,0.09882049112170001,9.882049112170002,0.0021357245334192466,0.21357245334192465,0.002135724533419246,0.0038443041601546432,scenario,carrageenan,5033.677734675981
3.0,ganglia,10.033326989614727,0.98856378242,0.01143621758,0.2907999318572342,29.079993185723417,0.213270615128038,21.327061512803798,0.098856378242,9.8856378242,0.0021677462902536977,0.21677462902536976,0.0021677462902536977,0.003901943322456656,scenario,carrageenan,4942.112004859611
3.0833333333333335,ganglia,10.02272703233278,0.988897271921,0.011102728079,0.2920065947983753,29.200659479837533,0.21457429734030592,21.45742973403059,0.0988897271921,9.88897271921,0.0022017593601725127,0.22017593601725127,0.002201759360172513,0.003963166848310524,scenario,carrageenan,4850.546275043234
3.1666666666666665,ganglia,10.015258207693039,0.989206567697,0.010793432303,0.29326960211639447,29.326960211639445,0.21594327260743829,21.594327260743828,0.09892065676970001,9.89206567697,0.002237630313004671,0.22376303130046707,0.002237630313004671,0.004027734563408407,scenario,carrageenan,4758.980545226862
3.25,ganglia,10.010085059463798,0.989492735524,0.010507264476,0.2945775544162546,29.457755441625462,0.21736475651539397,21.736475651539397,0.0989492735524,9.89492735524,0.002275266285357735,0.2275266285357735,0.002275266285357735,0.004095479313643923,scenario,carrageenan,4667.414815410489
3.3333333333333335,ganglia,10.006562473354549,0.989756896092,0.010243103908,0.2959217211277756,29.59217211277756,0.21882892390952846,21.882892390952847,0.0989756896092,9.897568960920001,0.0023146118058591015,0.23146118058591014,0.0023146118058591015,0.004166301250546383,scenario,carrageenan,4575.849085594121
3.4166666666666665,ganglia,10.004204078256656,0.990000188928,0.009999811072,0.29729562681001753,29.729562681001752,0.2203284532413528,22.03284532413528,0.09900001889280001,9.90000188928,0.002355644726135556,0.2355644726135556,0.002355644726135556,0.004240160507044,scenario,carrageenan,4484.283355777746
3.5,ganglia,10.002651478920805,0.990223752654,0.009776247346,0.2986946359158359,29.86946359158359,0.22185806738937322,22.185806738937323,0.0990223752654,9.90223752654,0.0023983719044129237,0.23983719044129237,0.0023983719044129237,0.004317069427943263,scenario,carrageenan,4392.717625961374
3.5833333333333335,ganglia,10.001646340700296,0.990428252619,0.009571747381,0.3001154278442556,30.01154278442556,0.223414002869284,22.3414002869284,0.0990428252619,9.90428252619,0.0024428251021896114,0.24428251021896114,0.0024428251021896114,0.004397085183941301,scenario,carrageenan,4301.151896144998
3.6666666666666665,ganglia,10.001006387883708,0.990614255556,0.009385744444,0.3015557727935118,30.15557727935118,0.22499371915323535,22.499371915323536,0.0990614255556,9.90614255556,0.002489057385995047,0.24890573859950468,0.0024890573859950474,0.004480303294791085,scenario,carrageenan,4209.586166328628
3.75,ganglia,10.000605654896802,0.990782643674,0.009217356326,0.3030143777415697,30.30143777415697,0.2265956815268552,22.65956815268552,0.09907826436740001,9.90782643674,0.002537140188503583,0.2537140188503583,0.002537140188503583,0.00456685233930645,scenario,carrageenan,4118.020436512256
3.8333333333333335,ganglia,10.000358838650744,0.990934299185,0.009065700815,0.30449056711400824,30.449056711400825,0.22821904132834248,22.82190413283425,0.09909342991850001,9.90934299185,0.002587161080824934,0.2587161080824934,0.0025871610808249337,0.0046568899454848805,scenario,carrageenan,4026.454706695883
3.9166666666666665,ganglia,10.000209308731588,0.991070104301,0.008929895699,0.3059841088528249,30.59841088528249,0.22986344269191653,22.98634426919165,0.0991070104301,9.91070104301,0.0026392222393384394,0.26392222393384396,0.002639222239338439,0.00475060003080919,scenario,carrageenan,3934.8889768795057
4.0,ganglia,10.00012019589218,0.991190941233,0.008809058767,0.3074950839724331,30.749508397243307,0.23152887761014784,23.152887761014785,0.0991190941233,9.911909412330001,0.002693439551101581,0.26934395511015813,0.0026934395511015816,0.004848191191982847,scenario,carrageenan,3843.323247063136
0.0,brain,3.3960056096409037,0.988331936267,0.011668063733,0.3546776428800612,35.46776428800612,0.14345954508441494,14.345954508441494,0.24708298406675,24.708298406675,0.0067461798464443865,0.6746179846444387,0.006746179846444386,0.00944465178502214,scenario,carrageenan,0.001
0.016666666666666666,brain,3.4135161172793866,0.988338237827,0.011661762173,0.3549765840278342,35.49765840278342,0.14385603276144562,14.385603276144563,0.24708455945675,24.708455945675002,0.006653651813603323,0.6653651813603323,0.006653651813603323,0.009315112539044651,scenario,carrageenan,11.538541161848592
0.08333333333333333,brain,3.484750830317166,0.988372868797,0.011627131203,0.35619360181094173,35.61936018109417,0.1454671794822556,14.54671794822556,0.24709321719925,24.709321719925,0.006318005690211605,0.6318005690211604,0.006318005690211605,0.008845207966296245,scenario,carrageenan,57.68870580924298
0.16666666666666666,brain,3.5763984774167974,0.988439148926,0.011560851074,0.35776003940880996,35.776003940881,0.14753366956974656,14.753366956974656,0.2471097872315,24.71097872315,0.00596341318140729,0.596341318140729,0.00596341318140729,0.008348778453970206,scenario,carrageenan,115.37641161848589
0.25,brain,3.6707999483031655,0.988535794861,0.011464205139,0.3593730503683904,35.93730503683904,0.14965213553752058,14.965213553752058,0.24713394871525,24.713394871525,0.005665768666824891,0.5665768666824891,0.005665768666824891,0.007932076133554847,scenario,carrageenan,173.06411742772886
0.3333333333333333,brain,3.767782849180906,0.988656799392,0.011343200608,0.36102441729562995,36.102441729563,0.15181362326350656,15.181362326350655,0.247164199848,24.7164199848,0.0054130069313375285,0.5413006931337528,0.005413006931337528,0.007578209703872538,scenario,carrageenan,230.75182323697197
0.4166666666666667,brain,3.8671508022817074,0.988796107749,0.011203892251,0.3627055762223677,36.27055762223677,0.15400873238015694,15.400873238015695,0.24719902693725,24.719902693725,0.005196153078240124,0.5196153078240123,0.005196153078240123,0.007274614309536171,scenario,carrageenan,288.43952904621483
0.5,brain,3.968683455617941,0.988950415142,0.011049584858,0.3644086770249879,36.44086770249879,0.15622809765265053,15.622809765265053,0.2472376037855,24.72376037855,0.005008383592868632,0.5008383592868632,0.005008383592868632,0.007011737030016084,scenario,carrageenan,346.1272348554579
0.5833333333333334,brain,4.072136706947525,0.989115501683,0.010884498317,0.36612528310099923,36.612528310099925,0.15846187690699898,15.846187690699898,0.24727887542075,24.727887542075,0.004844410388509525,0.4844410388509525,0.004844410388509525,0.006782174543913335,scenario,carrageenan,403.8149406647006
0.6666666666666666,brain,4.177243151586833,0.989285842513,0.010714157487,0.3678462550674425,36.78462550674425,0.16069972591892337,16.069972591892338,0.24732146062825,24.732146062825,0.0047000653456159645,0.47000653456159647,0.004700065345615965,0.006580091483862351,scenario,carrageenan,461.50264647394374
0.75,brain,4.2837127614519845,0.989459676006,0.010540323994,0.36956367140176866,36.956367140176866,0.16293166986702484,16.293166986702484,0.2473649190015,24.73649190015,0.004572013218004096,0.4572013218004096,0.004572013218004097,0.006400818505205736,scenario,carrageenan,519.1903522831869
0.8333333333333334,brain,4.391233800224798,0.989635815243,0.010364184757,0.37126970405099946,37.12697040509995,0.16514766698699931,16.51476669869993,0.24740895381075,24.740895381075,0.004457548984347094,0.4457548984347094,0.004457548984347095,0.006240568578085933,scenario,carrageenan,576.8780580924298
0.9166666666666666,brain,4.499473976855683,0.989811306106,0.010188693894,0.372955782226119,37.2955782226119,0.16733727426615874,16.733727426615875,0.2474528265265,24.74528265265,0.004354452097038771,0.4354452097038771,0.004354452097038771,0.0060962329358542795,scenario,carrageenan,634.5657639016727
1.0,brain,4.608081836764324,0.989979735571,0.010020264429,0.3746119800424165,37.46119800424165,0.169489394866222,16.9489394866222,0.24749493389275,24.749493389275003,0.004260879891824289,0.4260879891824289,0.004260879891824289,0.0059652318485540045,scenario,carrageenan,692.2534697109156
1.0833333333333333,brain,4.716688387117371,0.990135834668,0.009864165332,0.3773534318645707,37.73534318645707,0.17309263093009425,17.309263093009424,0.247533958667,24.7533958667,0.004405146483643365,0.4405146483643365,0.004405146483643366,0.006167205077100712,scenario,carrageenan,679.2066828081241
1.1666666666666667,brain,4.824908949491855,0.990274373583,0.009725626417,0.380067362473568,38.0067362473568,0.1766650254370907,17.66650254370907,0.24756859339575,24.756859339574998,0.004551980589315073,0.45519805893150733,0.004551980589315074,0.006372772825041103,scenario,carrageenan,666.1598959053324
1.25,brain,4.9323452301184965,0.990389835105,0.009610164895,0.3827428301546678,38.27428301546678,0.18019382850455712,18.019382850455713,0.24759745877625,24.759745877625,0.004701083560080696,0.4701083560080696,0.004701083560080697,0.006581516984112976,scenario,carrageenan,653.1131090025405
1.3333333333333333,brain,5.038587594788179,0.990477383783,0.009522616217,0.3853690785170449,38.53690785170449,0.18366631009505985,18.366631009505983,0.24761934594575,24.761934594575,0.004852133733101086,0.48521337331010855,0.004852133733101085,0.006792987226341519,scenario,carrageenan,640.0663220997488
1.4166666666666667,brain,5.143217532447122,0.990541007297,0.009458992703,0.3879387898017236,38.79387898017236,0.1870713839699648,18.70713839699648,0.24763525182425,24.763525182425,0.005004787624836744,0.5004787624836744,0.005004787624836744,0.007006702674771441,scenario,carrageenan,627.0195351969572
1.5,brain,5.245810288552732,0.990583424686,0.009416575314,0.3904442734323633,39.04442734323633,0.19039788968115112,19.03978896811511,0.2476458561715,24.76458561715,0.005158681361299559,0.5158681361299559,0.005158681361299559,0.0072221539058193816,scenario,carrageenan,613.9727482941655
1.5833333333333333,brain,5.345937646463428,0.990605229852,0.009394770148,0.3928771596360918,39.28771596360918,0.19363446956412242,19.363446956412243,0.247651307463,24.7651307463,0.005313432340811358,0.5313432340811358,0.005313432340811358,0.007438805277135901,scenario,carrageenan,600.9259613913738
1.6666666666666667,brain,5.4431708325422745,0.990607595197,0.009392404803,0.3952294998858831,39.52294998858831,0.19677013478217747,19.67701347821775,0.24765189879925,24.765189879925,0.005468641122047188,0.5468641122047189,0.005468641122047188,0.0076560975708660625,scenario,carrageenan,587.8791744885821
1.75,brain,5.537083518314258,0.990592457456,0.009407542544,0.39749389388351175,39.749389388351176,0.19979437269268235,19.979437269268235,0.247648114364,24.7648114364,0.005623893527283457,0.5623893527283457,0.005623893527283457,0.007873450938196839,scenario,carrageenan,574.8323875857909
1.8333333333333333,brain,5.627254890976207,0.99056116418,0.00943883582,0.39966299427118435,39.966299427118436,0.20269693763491253,20.269693763491254,0.247640291045,24.7640291045,0.005778762947956443,0.5778762947956443,0.005778762947956443,0.00809026812713902,scenario,carrageenan,561.7856006829987
1.9166666666666667,brain,5.71327276185827,0.99051504726,0.00948495274,0.4017297715251692,40.17297715251692,0.20546801294689232,20.54680129468923,0.247628761815,24.762876181499998,0.005932812836909272,0.5932812836909271,0.005932812836909271,0.00830593797167298,scenario,carrageenan,548.7388137802072
2.0,brain,5.79473668111376,0.990455384811,0.009544615189,0.40368753394875523,40.368753394875526,0.2080982503280069,20.809825032800692,0.24761384620275,24.761384620275003,0.006085599369109265,0.6085599369109266,0.0060855993691092646,0.00851983911675297,scenario,carrageenan,535.6920268774156
2.0833333333333335,brain,5.871261026001631,0.990383473032,0.009616526968,0.40548300282383015,40.54830028238302,0.21051617942110684,21.051617942110685,0.247595868258,24.7595868258,0.006223093914896232,0.6223093914896233,0.006223093914896233,0.008712331480854726,scenario,carrageenan,525.1105055518502
2.1666666666666665,brain,5.942478029647724,0.990300615872,0.009699384128,0.40715638248415265,40.71563824841527,0.21277497135487014,21.277497135487014,0.247575153968,24.757515396800002,0.006357518235001022,0.6357518235001022,0.006357518235001022,0.008900525529001429,scenario,carrageenan,514.5289842262852
2.25,brain,6.008040717145969,0.990208045604,0.009791954396,0.4087023058237018,40.87023058237018,0.21486705923026914,21.486705923026914,0.247552011401,24.7552011401,0.006488415350325344,0.6488415350325344,0.006488415350325345,0.009083781490455483,scenario,carrageenan,503.94746290072004
2.3333333333333335,brain,6.067625716299092,0.990106958235,0.009893041765,0.4101158616501407,41.011586165014066,0.21678549612185424,21.678549612185424,0.24752673955875,24.752673955875,0.00661533647761015,0.661533647761015,0.00661533647761015,0.00926147106865421,scenario,carrageenan,493.3659415751545
2.4166666666666665,brain,6.120935911203403,0.98999859228,0.01000140772,0.41139264611271953,41.139264611271955,0.21852399739029274,21.852399739029273,0.24749964807,24.749964806999998,0.006737844266580687,0.6737844266580687,0.006737844266580687,0.009432981973212962,scenario,carrageenan,482.78442024958974
2.5,brain,6.1677029082482795,0.989884050107,0.010115949893,0.4125287045935917,41.25287045935917,0.22007692275578888,22.00769227557889,0.24747101252675,24.747101252674998,0.006855516016592206,0.6855516016592206,0.006855516016592206,0.009597722423229087,scenario,carrageenan,472.2028989240242
2.5833333333333335,brain,6.20768928591488,0.989763943483,0.010236056517,0.41352039622420145,41.35203962242014,0.22143921380460194,22.143921380460192,0.24744098587075,24.744098587075,0.006967946840984066,0.6967946840984066,0.006967946840984066,0.009755125577377692,scenario,carrageenan,461.6213775984589
2.6666666666666665,brain,6.24069060199884,0.98963925882,0.01036074118,0.414364764950804,41.4364764950804,0.22260660032773863,22.260660032773863,0.247409814705,24.7409814705,0.007074752747424992,0.7074752747424992,0.007074752747424991,0.009904653846394986,scenario,carrageenan,451.0398562728937
2.75,brain,6.266537134519047,0.989511032984,0.010488967016,0.41505941439489946,41.505941439489945,0.2235755415318659,22.35755415318659,0.247377758246,24.7377758246,0.007175573603018957,0.7175573603018957,0.007175573603018956,0.010045803044226538,scenario,carrageenan,440.45833494732847
2.8333333333333335,brain,6.285095335572587,0.989380302844,0.010619697156,0.4156024935706578,41.56024935706578,0.22434322381287708,22.434322381287707,0.247345075711,24.7345075711,0.007270075953838148,0.7270075953838149,0.007270075953838148,0.010178106335373407,scenario,carrageenan,429.8768136217632
2.9166666666666665,brain,6.296268980711405,0.989248105266,0.010751894734,0.41599270161077423,41.59927016107742,0.2249075670590323,22.49075670590323,0.2473120263165,24.73120263165,0.0073579556698469125,0.7357955669846913,0.007357955669846913,0.010301137937785677,scenario,carrageenan,419.2952922961982
3.0,brain,6.3,0.989115477117,0.010884522883,0.4162292906949001,41.62292906949001,0.2252672285542002,22.52672285542002,0.24727886927925,24.727886927925,0.007438940387863715,0.7438940387863715,0.007438940387863714,0.010414516543009199,scenario,carrageenan,408.71377097063294
3.0833333333333335,brain,6.296268980711405,0.988983197502,0.011016802498,0.4163119587973412,41.631195879734115,0.2254215458957882,22.542154589578818,0.2472457993755,24.72457993755,0.007512791727255761,0.7512791727255761,0.007512791727255761,0.010517908418158065,scenario,carrageenan,398.1322496450678
3.1666666666666665,brain,6.285095335572587,0.98885157674,0.01114842326,0.4162407605589697,41.62407605589697,0.22537048849862626,22.537048849862625,0.247212894185,24.7212894185,0.00757930725544643,0.757930725544643,0.007579307255446431,0.010611030157625002,scenario,carrageenan,387.55072831950235
3.25,brain,6.266537134519047,0.988721388734,0.011278611266,0.4160164985676904,41.60164985676904,0.22511486851225393,22.511486851225392,0.2471803471835,24.718034718349998,0.0076383221830070265,0.7638322183007027,0.007638322183007027,0.010693651056209837,scenario,carrageenan,376.9692069939373
3.3333333333333335,brain,6.24069060199884,0.98859342988,0.01140657012,0.41564053497344844,41.564053497344844,0.22465623667126458,22.465623667126458,0.24714835747,24.714835747,0.00768971077106568,0.768971077106568,0.00768971077106568,0.01076559507949195,scenario,carrageenan,366.38768566837183
3.4166666666666665,brain,6.20768928591488,0.988468496577,0.011531503423,0.41511477760860416,41.511477760860416,0.2239968712858055,22.39968712858055,0.24711712414425,24.711712414424998,0.007733387436956651,0.7733387436956651,0.007733387436956651,0.010826742411739311,scenario,carrageenan,355.8061643428069
3.5,brain,6.1677029082482795,0.988347385222,0.011652614778,0.4144416740529828,41.44416740529828,0.22313977032997706,22.313977032997705,0.2470868463055,24.70868463055,0.007769307547409868,0.7769307547409868,0.007769307547409868,0.010877030566373815,scenario,carrageenan,345.2246430172415
3.5833333333333335,brain,6.120935911203403,0.988230892214,0.011769107786,0.4136242041199234,41.36242041199234,0.22208864142189785,22.208864142189785,0.2470577230535,24.70577230535,0.007797467892096254,0.7797467892096255,0.007797467892096255,0.010916455048934756,scenario,carrageenan,334.6431216916762
3.6666666666666665,brain,6.067625716299092,0.988119489487,0.011880510513,0.4126657351582721,41.26657351582721,0.22084781704869616,22.084781704869616,0.24702987237175,24.702987237175,0.007817906833952094,0.7817906833952094,0.007817906833952094,0.010945069567532932,scenario,carrageenan,324.06160036611107
3.75,brain,6.008040717145969,0.988013357441,0.011986642559,0.4115700265117946,41.15700265117946,0.21942224953539277,21.942224953539277,0.24700333936025,24.700333936025,0.007830704136355318,0.7830704136355319,0.007830704136355318,0.010962985790897445,scenario,carrageenan,313.480079040546
3.8333333333333335,brain,5.942478029647724,0.987913010783,0.012086989217,0.4103414787519572,41.03414787519572,0.21781763474160962,21.78176347416096,0.24697825269575,24.697825269575,0.007835980470869251,0.783598047086925,0.007835980470869253,0.010970372659216953,scenario,carrageenan,302.89855771498054
3.9166666666666665,brain,5.871261026001631,0.987818966574,0.012181033426,0.4089849798197449,40.898497981974494,0.21604031756832653,21.604031756832654,0.2469547416435,24.69547416435,0.007833896612855407,0.7833896612855407,0.007833896612855405,0.010967455257997567,scenario,carrageenan,292.3170363894154
4.0,brain,5.79473668111376,0.987731741873,0.012268258127,0.40750588712136027,40.75058871213603,0.21409726887081368,21.40972688708137,0.24693293546825,24.693293546825,0.007824652335738869,0.7824652335738869,0.007824652335738869,0.010954513270034416,scenario,carrageenan,281.7355150638502
